,UserName,Title,Groups
0,User 1,Role 20,Group 1;Group 14;Group 22;Group 28;Group 32;Group 33;Group 43;Group 47;Group 84;Group 86;Group 115;Group 116;Group 118;Group 132;Group 133;Group 134;Group 135;Group 136;Group 137;Group 138;Group 139;Group 140;Group 141;Group 142;Group 143;Group 144;Group 145;Group 146;Group 147;Group 148;Group 149;Group 150;Group 151;Group 152;Group 158;Group 165;Group 166;Group 180;Group 181;Group 182;Group 184;Group 187;Group 195;Group 199;Group 205;Group 206
1,User 2,Role 41,Group 1;Group 14;Group 43;Group 55;Group 56;Group 58;Group 59;Group 60;Group 62;Group 71;Group 86;Group 90;Group 124;Group 129;Group 166;Group 184;Group 192;Group 195;Group 199;Group 208
2,User 3,Role 23,Group 1;Group 14;Group 38;Group 43;Group 84;Group 86;Group 118;Group 132;Group 158;Group 161;Group 181;Group 184;Group 195;Group 199;Group 206
3,User 4,Role 13,Group 1;Group 3;Group 14;Group 22;Group 33;Group 38;Group 43;Group 47;Group 55;Group 56;Group 57;Group 58;Group 59;Group 60;Group 71;Group 77;Group 84;Group 86;Group 90;Group 97;Group 115;Group 116;Group 117;Group 118;Group 125;Group 129;Group 158;Group 161;Group 170;Group 175;Group 178;Group 182;Group 184;Group 187;Group 189;Group 195;Group 197;Group 199;Group 203;Group 205;Group 206;Group 209
4,User 5,Role 25,Group 1;Group 14;Group 28;Group 43;Group 84;Group 86;Group 90;Group 118;Group 128;Group 129;Group 132;Group 151;Group 158;Group 169;Group 181;Group 183;Group 184;Group 187;Group 195;Group 199;Group 206
5,User 6,Role 39,Group 1;Group 14;Group 43;Group 86;Group 90;Group 129;Group 166;Group 184;Group 195;Group 199;Group 208
6,User 7,Role 55,Group 1;Group 4;Group 14;Group 43;Group 55;Group 56;Group 58;Group 59;Group 60;Group 86;Group 120;Group 121;Group 158;Group 182;Group 184;Group 195;Group 199;Group 201;Group 203
7,User 8,Role 23,Group 1;Group 14;Group 27;Group 28;Group 38;Group 43;Group 84;Group 86;Group 118;Group 138;Group 151;Group 152;Group 158;Group 166;Group 170;Group 179;Group 181;Group 184;Group 195;Group 199;Group 206
8,User 9,Role 3,Group 1;Group 3;Group 12;Group 14;Group 15;Group 21;Group 22;Group 28;Group 29;Group 30;Group 33;Group 35;Group 36;Group 38;Group 41;Group 42;Group 43;Group 44;Group 46;Group 47;Group 55;Group 56;Group 57;Group 58;Group 59;Group 60;Group 67;Group 71;Group 77;Group 84;Group 86;Group 90;Group 92;Group 93;Group 94;Group 97;Group 98;Group 100;Group 101;Group 102;Group 104;Group 105;Group 106;Group 107;Group 108;Group 110;Group 111;Group 112;Group 114;Group 115;Group 116;Group 118;Group 123;Group 125;Group 129;Group 131;Group 133;Group 134;Group 151;Group 152;Group 158;Group 166;Group 170;Group 175;Group 177;Group 178;Group 179;Group 180;Group 184;Group 187;Group 189;Group 192;Group 195;Group 199;Group 205;Group 206
9,User 10,Role 13,Group 1;Group 6;Group 14;Group 22;Group 33;Group 38;Group 43;Group 47;Group 55;Group 56;Group 57;Group 58;Group 59;Group 60;Group 67;Group 71;Group 77;Group 86;Group 97;Group 110;Group 115;Group 116;Group 117;Group 118;Group 121;Group 158;Group 182;Group 184;Group 187;Group 195;Group 199;Group 206
10,User 11,Role 53,Group 1;Group 14;Group 38;Group 43;Group 77;Group 84;Group 86;Group 90;Group 129;Group 132;Group 148;Group 151;Group 152;Group 156;Group 179;Group 181;Group 184;Group 192;Group 195;Group 199;Group 206
11,User 12,Role 5,Group 1;Group 14;Group 43;Group 86;Group 158;Group 184;Group 195;Group 199;Group 201
12,User 13,Role 28,Group 1;Group 7;Group 14;Group 28;Group 38;Group 43;Group 84;Group 86;Group 108;Group 122;Group 129;Group 131;Group 151;Group 156;Group 157;Group 158;Group 160;Group 166;Group 180;Group 181;Group 184;Group 187;Group 195;Group 198;Group 199;Group 206
13,User 14,Role 62,Group 1;Group 14;Group 28;Group 43;Group 86;Group 90;Group 128;Group 129;Group 132;Group 151;Group 158;Group 183;Group 184;Group 187;Group 195;Group 199;Group 208
14,User 15,Role 39,Group 1;Group 14;Group 43;Group 86;Group 90;Group 129;Group 158;Group 166;Group 184;Group 195;Group 199;Group 208
15,User 16,Role 39,Group 1;Group 14;Group 43;Group 86;Group 90;Group 129;Group 158;Group 166;Group 184;Group 195;Group 199;Group 208
16,User 17,Role 50,Group 1;Group 14;Group 38;Group 43;Group 55;Group 56;Group 58;Group 59;Group 60;Group 84;Group 86;Group 90;Group 110;Group 115;Group 117;Group 118;Group 121;Group 129;Group 158;Group 175;Group 184;Group 186;Group 195;Group 199;Group 206
17,User 18,Role 39,Group 1;Group 14;Group 43;Group 86;Group 90;Group 129;Group 166;Group 184;Group 195;Group 199;Group 208
18,User 19,Role 35,Group 1;Group 14;Group 43;Group 86;Group 90;Group 129;Group 158;Group 166;Group 184;Group 195;Group 199;Group 208
19,User 20,Role 40,Group 1;Group 14;Group 43;Group 86;Group 90;Group 121;Group 158;Group 167;Group 184;Group 195;Group 199;Group 201;Group 212
20,User 21,Role 56,Group 1;Group 14;Group 43;Group 86;Group 129;Group 166;Group 179;Group 184;Group 195;Group 199;Group 208;Group 209
21,User 22,Role 34,Group 1;Group 14;Group 43;Group 86;Group 90;Group 129;Group 158;Group 166;Group 184;Group 192;Group 195;Group 199;Group 208
22,User 23,Role 13,Group 1;Group 3;Group 14;Group 22;Group 32;Group 33;Group 38;Group 43;Group 47;Group 48;Group 55;Group 56;Group 57;Group 58;Group 59;Group 60;Group 61;Group 64;Group 68;Group 69;Group 70;Group 71;Group 73;Group 74;Group 75;Group 76;Group 77;Group 79;Group 80;Group 83;Group 84;Group 85;Group 86;Group 90;Group 93;Group 97;Group 110;Group 115;Group 116;Group 117;Group 118;Group 121;Group 124;Group 125;Group 129;Group 158;Group 184;Group 187;Group 190;Group 195;Group 199;Group 206
23,User 24,Role 56,Group 1;Group 14;Group 43;Group 55;Group 56;Group 58;Group 59;Group 60;Group 86;Group 120;Group 121;Group 158;Group 182;Group 184;Group 195;Group 199;Group 201;Group 203
24,User 25,Role 57,Group 1;Group 14;Group 33;Group 38;Group 43;Group 47;Group 55;Group 56;Group 58;Group 59;Group 60;Group 77;Group 84;Group 86;Group 90;Group 115;Group 116;Group 117;Group 118;Group 125;Group 128;Group 129;Group 132;Group 134;Group 158;Group 164;Group 166;Group 184;Group 195;Group 199;Group 206
25,User 26,Role 48,Group 1;Group 14;Group 38;Group 43;Group 77;Group 84;Group 86;Group 90;Group 151;Group 158;Group 176;Group 184;Group 195;Group 199;Group 206
26,User 27,Role 53,Group 1;Group 14;Group 32;Group 38;Group 43;Group 84;Group 86;Group 118;Group 129;Group 132;Group 133;Group 146;Group 151;Group 152;Group 166;Group 179;Group 184;Group 195;Group 199;Group 206
27,User 28,Role 30,Group 1;Group 14;Group 38;Group 43;Group 84;Group 86;Group 118;Group 133;Group 134;Group 143;Group 151;Group 152;Group 158;Group 166;Group 179;Group 180;Group 184;Group 195;Group 199;Group 206
28,User 29,Role 24,Group 1;Group 14;Group 38;Group 43;Group 84;Group 86;Group 118;Group 132;Group 158;Group 161;Group 184;Group 187;Group 195;Group 199;Group 206
29,User 30,Role 50,Group 1;Group 14;Group 43;Group 55;Group 56;Group 58;Group 59;Group 60;Group 84;Group 86;Group 110;Group 115;Group 117;Group 118;Group 121;Group 129;Group 158;Group 175;Group 184;Group 186;Group 195;Group 206
30,User 31,Role 60,Group 1;Group 14;Group 43;Group 86;Group 90;Group 118;Group 128;Group 129;Group 132;Group 158;Group 161;Group 166;Group 182;Group 184;Group 195;Group 199;Group 208
31,User 32,Role 39,Group 1;Group 14;Group 43;Group 86;Group 129;Group 166;Group 184;Group 195;Group 199;Group 208
32,User 33,Role 18,Group 1;Group 14;Group 27;Group 43;Group 84;Group 86;Group 118;Group 128;Group 129;Group 130;Group 151;Group 152;Group 157;Group 158;Group 163;Group 179;Group 181;Group 184;Group 195;Group 199;Group 206
33,User 34,Role 39,Group 1;Group 14;Group 43;Group 86;Group 129;Group 166;Group 184;Group 195;Group 199;Group 208
34,User 35,Role 39,Group 1;Group 14;Group 43;Group 86;Group 129;Group 166;Group 184;Group 195;Group 199;Group 208
35,User 36,Role 42,Group 1;Group 14;Group 33;Group 43;Group 47;Group 84;Group 86;Group 110;Group 111;Group 114;Group 115;Group 116;Group 123;Group 125;Group 129;Group 152;Group 155;Group 162;Group 175;Group 178;Group 180;Group 181;Group 184;Group 189;Group 195;Group 199;Group 203;Group 205;Group 206;Group 209
36,User 37,Role 66,Group 0;Group 1;Group 14;Group 34;Group 43;Group 55;Group 56;Group 57;Group 58;Group 59;Group 60;Group 77;Group 86;Group 184;Group 187;Group 195;Group 199;Group 206
37,User 38,Role 52,Group 1;Group 14;Group 43;Group 86;Group 129;Group 184;Group 195;Group 199;Group 208
38,User 39,Role 45,Group 1;Group 14;Group 43;Group 86;Group 90;Group 129;Group 158;Group 166;Group 179;Group 184;Group 192;Group 195;Group 199;Group 208;Group 209
39,User 40,Role 23,Group 1;Group 14;Group 38;Group 43;Group 86;Group 158;Group 161;Group 170;Group 171;Group 172;Group 173;Group 175;Group 184;Group 189;Group 195;Group 199;Group 206
40,User 41,Role 62,Group 1;Group 14;Group 28;Group 43;Group 86;Group 128;Group 129;Group 132;Group 151;Group 158;Group 183;Group 184;Group 187;Group 195;Group 199;Group 208
41,User 42,Role 5,Group 1;Group 14;Group 43;Group 86;Group 158;Group 184;Group 195;Group 199;Group 201
42,User 43,Role 33,Group 1;Group 14;Group 33;Group 43;Group 47;Group 86;Group 90;Group 118;Group 128;Group 129;Group 158;Group 166;Group 184;Group 192;Group 195;Group 199;Group 208;Group 209
43,User 44,Role 24,Group 1;Group 14;Group 38;Group 43;Group 86;Group 90;Group 158;Group 165;Group 184;Group 191;Group 195;Group 199;Group 207
44,User 45,Role 25,Group 1;Group 14;Group 19;Group 38;Group 43;Group 86;Group 90;Group 165;Group 184;Group 192;Group 195;Group 199;Group 207
45,User 46,Role 39,Group 1;Group 14;Group 43;Group 86;Group 129;Group 158;Group 166;Group 184;Group 195;Group 199;Group 208
46,User 47,Role 24,Group 1;Group 14;Group 43;Group 84;Group 86;Group 118;Group 133;Group 149;Group 151;Group 152;Group 157;Group 158;Group 179;Group 180;Group 181;Group 184;Group 195;Group 199;Group 206
47,User 48,Role 25,Group 1;Group 14;Group 38;Group 43;Group 84;Group 86;Group 90;Group 118;Group 125;Group 132;Group 158;Group 177;Group 184;Group 187;Group 192;Group 195;Group 199;Group 206
48,User 49,Role 22,Group 1;Group 14;Group 27;Group 43;Group 86;Group 118;Group 133;Group 134;Group 151;Group 152;Group 158;Group 166;Group 179;Group 180;Group 181;Group 184;Group 195;Group 199;Group 206
49,User 50,Role 50,Group 1;Group 14;Group 38;Group 40;Group 43;Group 55;Group 56;Group 58;Group 59;Group 60;Group 86;Group 115;Group 117;Group 118;Group 129;Group 158;Group 168;Group 175;Group 182;Group 184;Group 186;Group 195;Group 199;Group 206
50,User 51,Role 15,Group 1;Group 14;Group 22;Group 28;Group 29;Group 30;Group 32;Group 33;Group 38;Group 43;Group 47;Group 65;Group 66;Group 77;Group 84;Group 86;Group 90;Group 99;Group 102;Group 104;Group 105;Group 106;Group 107;Group 108;Group 115;Group 116;Group 118;Group 132;Group 133;Group 134;Group 135;Group 136;Group 137;Group 138;Group 139;Group 140;Group 141;Group 142;Group 143;Group 144;Group 145;Group 146;Group 147;Group 148;Group 149;Group 150;Group 151;Group 152;Group 158;Group 165;Group 166;Group 177;Group 180;Group 181;Group 182;Group 184;Group 187;Group 192;Group 195;Group 196;Group 199;Group 205;Group 206
51,User 52,Role 18,Group 1;Group 14;Group 32;Group 38;Group 43;Group 77;Group 84;Group 86;Group 90;Group 118;Group 133;Group 134;Group 139;Group 151;Group 152;Group 158;Group 177;Group 184;Group 195;Group 199;Group 206
52,User 53,Role 5,Group 1;Group 14;Group 43;Group 86;Group 90;Group 158;Group 184;Group 195;Group 199;Group 201
53,User 54,Role 22,Group 1;Group 14;Group 27;Group 43;Group 84;Group 86;Group 118;Group 130;Group 144;Group 151;Group 152;Group 157;Group 158;Group 181;Group 184;Group 195;Group 199;Group 206;Group 213
54,User 55,Role 7,Group 1;Group 14;Group 43;Group 86;Group 90;Group 121;Group 158;Group 184;Group 192;Group 195;Group 199;Group 201
55,User 56,Role 38,Group 1;Group 14;Group 43;Group 86;Group 90;Group 128;Group 129;Group 158;Group 166;Group 182;Group 184;Group 195;Group 199;Group 208
56,User 57,Role 18,Group 1;Group 14;Group 24;Group 31;Group 32;Group 38;Group 43;Group 77;Group 84;Group 86;Group 90;Group 118;Group 133;Group 134;Group 135;Group 147;Group 151;Group 152;Group 159;Group 160;Group 166;Group 180;Group 181;Group 184;Group 187;Group 195;Group 199;Group 206
57,User 58,Role 55,Group 1;Group 7;Group 14;Group 38;Group 43;Group 46;Group 84;Group 86;Group 90;Group 110;Group 111;Group 118;Group 125;Group 129;Group 158;Group 162;Group 182;Group 184;Group 195;Group 199;Group 203;Group 205;Group 206;Group 209
58,User 59,Role 2,Group 1;Group 3;Group 8;Group 12;Group 14;Group 18;Group 19;Group 29;Group 30;Group 33;Group 36;Group 38;Group 40;Group 42;Group 43;Group 44;Group 47;Group 55;Group 56;Group 58;Group 59;Group 60;Group 78;Group 84;Group 86;Group 87;Group 90;Group 93;Group 98;Group 101;Group 106;Group 110;Group 112;Group 113;Group 114;Group 115;Group 116;Group 117;Group 118;Group 123;Group 125;Group 158;Group 168;Group 170;Group 178;Group 184;Group 187;Group 192;Group 195;Group 197;Group 199;Group 203;Group 204;Group 205;Group 206;Group 209
59,User 60,Role 5,Group 1;Group 14;Group 43;Group 86;Group 158;Group 184;Group 195;Group 199;Group 201
60,User 61,Role 24,Group 1;Group 14;Group 38;Group 43;Group 84;Group 86;Group 90;Group 118;Group 129;Group 132;Group 158;Group 161;Group 184;Group 187;Group 195;Group 199;Group 206
61,User 62,Role 12,Group 1;Group 14;Group 43;Group 86;Group 90;Group 128;Group 129;Group 158;Group 161;Group 166;Group 184;Group 192;Group 195;Group 199;Group 208
62,User 63,Role 36,Group 1;Group 14;Group 43;Group 86;Group 129;Group 158;Group 166;Group 179;Group 184;Group 195;Group 199;Group 208
63,User 64,Role 38,Group 1;Group 14;Group 43;Group 86;Group 90;Group 129;Group 158;Group 166;Group 184;Group 195;Group 199;Group 208
64,User 65,Role 5,Group 1;Group 14;Group 43;Group 86;Group 158;Group 184;Group 195;Group 199;Group 201
65,User 66,Role 27,Group 0;Group 1;Group 2;Group 6;Group 12;Group 14;Group 20;Group 22;Group 27;Group 33;Group 36;Group 38;Group 43;Group 46;Group 47;Group 55;Group 56;Group 58;Group 59;Group 60;Group 71;Group 77;Group 84;Group 86;Group 90;Group 110;Group 111;Group 116;Group 123;Group 125;Group 129;Group 152;Group 154;Group 155;Group 158;Group 162;Group 168;Group 175;Group 181;Group 184;Group 189;Group 192;Group 195;Group 199;Group 203;Group 205;Group 206;Group 209
66,User 67,Role 60,Group 1;Group 14;Group 43;Group 86;Group 90;Group 128;Group 129;Group 158;Group 184;Group 195;Group 199;Group 208
67,User 68,Role 37,Group 1;Group 14;Group 43;Group 86;Group 166;Group 184;Group 195;Group 208
68,User 69,Role 17,Group 1;Group 13;Group 14;Group 22;Group 28;Group 29;Group 30;Group 32;Group 33;Group 38;Group 42;Group 43;Group 44;Group 47;Group 67;Group 71;Group 77;Group 86;Group 98;Group 99;Group 100;Group 101;Group 102;Group 103;Group 104;Group 105;Group 106;Group 107;Group 108;Group 109;Group 112;Group 113;Group 114;Group 115;Group 116;Group 117;Group 118;Group 121;Group 123;Group 129;Group 133;Group 151;Group 152;Group 153;Group 158;Group 160;Group 170;Group 178;Group 182;Group 184;Group 187;Group 192;Group 195;Group 199;Group 204;Group 205;Group 206
69,User 70,Role 13,Group 1;Group 14;Group 33;Group 43;Group 47;Group 55;Group 56;Group 57;Group 58;Group 59;Group 60;Group 86;Group 97;Group 110;Group 113;Group 115;Group 119;Group 120;Group 121;Group 125;Group 126;Group 129;Group 158;Group 162;Group 181;Group 184;Group 189;Group 195;Group 199;Group 201;Group 203
70,User 71,Role 54,Group 1;Group 14;Group 43;Group 77;Group 86;Group 131;Group 133;Group 134;Group 142;Group 151;Group 152;Group 158;Group 182;Group 184;Group 195;Group 199;Group 206
71,User 72,Role 21,Group 1;Group 14;Group 27;Group 43;Group 86;Group 90;Group 96;Group 118;Group 158;Group 161;Group 170;Group 171;Group 175;Group 181;Group 184;Group 187;Group 189;Group 195;Group 199;Group 206
72,User 73,Role 37,Group 1;Group 14;Group 43;Group 86;Group 166;Group 184;Group 195;Group 208
73,User 74,Role 15,Group 1;Group 14;Group 43;Group 86;Group 166;Group 184;Group 187;Group 195;Group 206
74,User 75,Role 47,Group 1;Group 14;Group 33;Group 43;Group 46;Group 55;Group 56;Group 58;Group 59;Group 60;Group 72;Group 77;Group 86;Group 90;Group 118;Group 119;Group 121;Group 158;Group 184;Group 195;Group 199;Group 201
75,User 76,Role 22,Group 1;Group 14;Group 28;Group 43;Group 84;Group 86;Group 118;Group 128;Group 129;Group 132;Group 151;Group 158;Group 169;Group 181;Group 183;Group 184;Group 195;Group 199;Group 206
76,User 77,Role 39,Group 1;Group 14;Group 43;Group 86;Group 90;Group 129;Group 158;Group 166;Group 184;Group 195;Group 199;Group 208
77,User 78,Role 39,Group 1;Group 14;Group 43;Group 86;Group 129;Group 166;Group 184;Group 195;Group 199;Group 208
78,User 79,Role 39,Group 1;Group 14;Group 43;Group 86;Group 129;Group 166;Group 184;Group 195;Group 199;Group 208
79,User 80,Role 39,Group 1;Group 14;Group 43;Group 86;Group 129;Group 166;Group 184;Group 195;Group 199;Group 208
80,User 81,Role 39,Group 1;Group 14;Group 43;Group 86;Group 129;Group 166;Group 184;Group 195;Group 199;Group 208
81,User 82,Role 64,Group 1;Group 14;Group 25;Group 34;Group 43;Group 55;Group 56;Group 58;Group 59;Group 60;Group 86;Group 97;Group 184;Group 187;Group 195;Group 199;Group 206
82,User 83,Role 58,Group 1;Group 14;Group 34;Group 43;Group 55;Group 56;Group 58;Group 59;Group 60;Group 86;Group 184;Group 195;Group 206
83,User 84,Role 39,Group 1;Group 14;Group 43;Group 86;Group 90;Group 129;Group 166;Group 184;Group 195;Group 199;Group 208
84,User 85,Role 49,Group 1;Group 14;Group 43;Group 86;Group 118;Group 128;Group 129;Group 158;Group 166;Group 184;Group 195;Group 199;Group 208
85,User 86,Role 4,Group 1;Group 4;Group 14;Group 23;Group 33;Group 36;Group 43;Group 47;Group 77;Group 86;Group 90;Group 115;Group 118;Group 120;Group 121;Group 123;Group 158;Group 184;Group 185;Group 187;Group 192;Group 195;Group 199;Group 200;Group 201;Group 203;Group 212
86,User 87,Role 55,Group 1;Group 14;Group 34;Group 43;Group 55;Group 56;Group 58;Group 59;Group 60;Group 86;Group 184;Group 187;Group 195;Group 199;Group 206;Group 211
87,User 88,Role 19,Group 1;Group 14;Group 26;Group 43;Group 84;Group 86;Group 118;Group 151;Group 152;Group 158;Group 179;Group 184;Group 195;Group 206
88,User 89,Role 65,Group 1;Group 14;Group 34;Group 43;Group 86;Group 171;Group 172;Group 175;Group 184;Group 187;Group 195;Group 206
89,User 90,Role 24,Group 1;Group 14;Group 38;Group 43;Group 84;Group 86;Group 90;Group 151;Group 158;Group 180;Group 184;Group 195;Group 199;Group 206
90,User 91,Role 13,Group 1;Group 14;Group 16;Group 25;Group 34;Group 43;Group 46;Group 55;Group 56;Group 58;Group 59;Group 60;Group 71;Group 77;Group 86;Group 90;Group 91;Group 93;Group 97;Group 108;Group 175;Group 184;Group 187;Group 192;Group 193;Group 195;Group 199;Group 206;Group 211
91,User 92,Role 34,Group 1;Group 14;Group 43;Group 86;Group 90;Group 129;Group 158;Group 166;Group 184;Group 192;Group 195;Group 199;Group 208
92,User 93,Role 10,Group 1;Group 14;Group 43;Group 86;Group 90;Group 111;Group 118;Group 129;Group 158;Group 166;Group 184;Group 195;Group 199;Group 208
93,User 94,Role 63,Group 1;Group 14;Group 43;Group 86;Group 90;Group 129;Group 158;Group 166;Group 184;Group 195;Group 199;Group 208
94,User 95,Role 61,Group 1;Group 14;Group 43;Group 86;Group 90;Group 129;Group 158;Group 184;Group 195;Group 199;Group 208
95,User 96,Role 38,Group 1;Group 14;Group 43;Group 86;Group 158;Group 184;Group 195;Group 199;Group 201
96,User 97,Role 38,Group 1;Group 14;Group 43;Group 86;Group 90;Group 129;Group 166;Group 184;Group 195;Group 199;Group 208
97,User 98,Role 58,Group 1;Group 14;Group 43;Group 86;Group 129;Group 166;Group 179;Group 184;Group 195;Group 208;Group 209
98,User 99,Role 42,Group 1;Group 14;Group 43;Group 71;Group 86;Group 90;Group 110;Group 124;Group 127;Group 129;Group 158;Group 166;Group 184;Group 188;Group 192;Group 195;Group 199;Group 208;Group 209
99,User 100,Role 26,Group 1;Group 14;Group 31;Group 38;Group 55;Group 56;Group 58;Group 59;Group 60;Group 77;Group 86;Group 111;Group 171;Group 172;Group 173;Group 175;Group 179;Group 184;Group 195;Group 199;Group 206
100,User 101,Role 53,Group 1;Group 14;Group 31;Group 38;Group 43;Group 45;Group 84;Group 86;Group 90;Group 118;Group 129;Group 134;Group 137;Group 151;Group 152;Group 158;Group 166;Group 177;Group 182;Group 184;Group 192;Group 195;Group 199;Group 206
101,User 102,Role 5,Group 1;Group 14;Group 43;Group 86;Group 90;Group 158;Group 184;Group 195;Group 199;Group 201
102,User 103,Role 34,Group 1;Group 14;Group 43;Group 86;Group 90;Group 129;Group 158;Group 166;Group 184;Group 192;Group 195;Group 199;Group 208
103,User 104,Role 24,Group 1;Group 14;Group 31;Group 38;Group 43;Group 84;Group 86;Group 90;Group 129;Group 132;Group 158;Group 166;Group 182;Group 184;Group 194;Group 195;Group 199;Group 206
104,User 105,Role 18,Group 1;Group 14;Group 38;Group 43;Group 77;Group 84;Group 86;Group 90;Group 118;Group 133;Group 134;Group 136;Group 151;Group 152;Group 158;Group 166;Group 179;Group 180;Group 184;Group 195;Group 199;Group 206
105,User 106,Role 38,Group 1;Group 14;Group 43;Group 86;Group 158;Group 166;Group 184;Group 195;Group 199;Group 201
106,User 107,Role 6,Group 1;Group 14;Group 43;Group 86;Group 158;Group 184;Group 195;Group 201
107,User 108,Role 14,Group 1;Group 5;Group 7;Group 12;Group 14;Group 18;Group 19;Group 33;Group 36;Group 37;Group 38;Group 41;Group 42;Group 43;Group 44;Group 46;Group 55;Group 56;Group 58;Group 59;Group 60;Group 81;Group 82;Group 84;Group 86;Group 90;Group 95;Group 96;Group 98;Group 100;Group 101;Group 102;Group 103;Group 104;Group 105;Group 106;Group 107;Group 108;Group 111;Group 115;Group 116;Group 117;Group 121;Group 127;Group 129;Group 153;Group 158;Group 160;Group 178;Group 182;Group 184;Group 187;Group 192;Group 195;Group 198;Group 199;Group 203;Group 204;Group 205;Group 206;Group 209;Group 210
108,User 109,Role 36,Group 1;Group 14;Group 43;Group 86;Group 166;Group 184;Group 195;Group 208
109,User 110,Role 34,Group 1;Group 14;Group 43;Group 86;Group 90;Group 128;Group 129;Group 158;Group 161;Group 166;Group 171;Group 184;Group 192;Group 195;Group 199;Group 208
110,User 111,Role 1,Group 1;Group 14;Group 43;Group 86;Group 121;Group 158;Group 182;Group 184;Group 195;Group 201;Group 203
111,User 112,Role 31,Group 1;Group 14;Group 43;Group 86;Group 90;Group 158;Group 171;Group 184;Group 195;Group 199;Group 206
112,User 113,Role 1,Group 1;Group 14;Group 43;Group 55;Group 56;Group 58;Group 59;Group 60;Group 86;Group 121;Group 158;Group 182;Group 184;Group 195;Group 201;Group 203
113,User 114,Role 52,Group 1;Group 14;Group 43;Group 86;Group 90;Group 129;Group 158;Group 166;Group 184;Group 195;Group 199;Group 208
114,User 115,Role 29,Group 1;Group 9;Group 10;Group 11;Group 14;Group 38;Group 43;Group 47;Group 50;Group 51;Group 52;Group 53;Group 63;Group 77;Group 86;Group 90;Group 115;Group 116;Group 158;Group 161;Group 166;Group 170;Group 171;Group 175;Group 184;Group 187;Group 189;Group 195;Group 199;Group 204;Group 206
115,User 116,Role 24,Group 1;Group 14;Group 27;Group 43;Group 47;Group 84;Group 86;Group 90;Group 118;Group 129;Group 158;Group 161;Group 171;Group 175;Group 181;Group 184;Group 189;Group 195;Group 199;Group 206
116,User 117,Role 38,Group 1;Group 14;Group 43;Group 86;Group 129;Group 158;Group 166;Group 184;Group 195;Group 199;Group 208
117,User 118,Role 46,Group 1;Group 14;Group 43;Group 86;Group 90;Group 118;Group 128;Group 129;Group 158;Group 166;Group 184;Group 192;Group 195;Group 199;Group 208;Group 209
118,User 119,Role 38,Group 1;Group 14;Group 43;Group 86;Group 166;Group 184;Group 195;Group 199;Group 208
119,User 120,Role 38,Group 1;Group 14;Group 43;Group 86;Group 166;Group 184;Group 195;Group 199;Group 208
120,User 121,Role 32,Group 1;Group 14;Group 43;Group 86;Group 184;Group 195;Group 199;Group 208
121,User 122,Role 43,Group 1;Group 3;Group 14;Group 38;Group 40;Group 43;Group 86;Group 87;Group 115;Group 117;Group 118;Group 158;Group 168;Group 182;Group 184;Group 186;Group 192;Group 195;Group 199;Group 206
122,User 123,Role 39,Group 1;Group 14;Group 43;Group 86;Group 128;Group 129;Group 158;Group 166;Group 184;Group 195;Group 199;Group 208
123,User 124,Role 44,Group 1;Group 7;Group 14;Group 27;Group 33;Group 43;Group 84;Group 86;Group 99;Group 108;Group 113;Group 115;Group 116;Group 117;Group 129;Group 131;Group 151;Group 157;Group 158;Group 161;Group 166;Group 175;Group 179;Group 180;Group 181;Group 184;Group 187;Group 195;Group 199;Group 206
124,User 125,Role 38,Group 1;Group 14;Group 43;Group 86;Group 166;Group 184;Group 195;Group 199;Group 208
125,User 126,Role 38,Group 1;Group 14;Group 43;Group 86;Group 166;Group 184;Group 195;Group 199;Group 208
126,User 127,Role 38,Group 1;Group 14;Group 43;Group 86;Group 166;Group 184;Group 195;Group 199;Group 208
127,User 128,Role 39,Group 1;Group 14;Group 43;Group 86;Group 129;Group 158;Group 166;Group 184;Group 195;Group 199;Group 208
128,User 129,Role 38,Group 1;Group 14;Group 43;Group 86;Group 166;Group 184;Group 195;Group 199;Group 208
129,User 130,Role 58,Group 1;Group 14;Group 43;Group 86;Group 121;Group 158;Group 182;Group 184;Group 195;Group 201;Group 203
130,User 131,Role 8,Group 1;Group 4;Group 14;Group 23;Group 43;Group 55;Group 56;Group 57;Group 58;Group 59;Group 60;Group 77;Group 86;Group 90;Group 110;Group 113;Group 115;Group 119;Group 120;Group 121;Group 125;Group 126;Group 129;Group 158;Group 162;Group 181;Group 184;Group 189;Group 195;Group 199;Group 200;Group 201;Group 203
131,User 132,Role 38,Group 1;Group 14;Group 43;Group 86;Group 166;Group 184;Group 195;Group 199;Group 208
132,User 133,Role 58,Group 1;Group 14;Group 43;Group 86;Group 121;Group 158;Group 182;Group 184;Group 195;Group 201;Group 203
133,User 134,Role 38,Group 1;Group 14;Group 43;Group 86;Group 166;Group 184;Group 195;Group 199;Group 208
134,User 135,Role 38,Group 1;Group 14;Group 43;Group 86;Group 166;Group 184;Group 195;Group 199;Group 208
135,User 136,Role 1,Group 1;Group 14;Group 27;Group 28;Group 43;Group 86;Group 118;Group 138;Group 151;Group 152;Group 158;Group 166;Group 170;Group 179;Group 181;Group 184;Group 195;Group 199;Group 206
136,User 137,Role 13,Group 1;Group 3;Group 12;Group 14;Group 16;Group 17;Group 21;Group 22;Group 33;Group 38;Group 43;Group 47;Group 55;Group 56;Group 57;Group 58;Group 59;Group 60;Group 67;Group 71;Group 77;Group 78;Group 84;Group 86;Group 90;Group 92;Group 93;Group 94;Group 97;Group 110;Group 115;Group 116;Group 117;Group 118;Group 121;Group 124;Group 125;Group 129;Group 158;Group 166;Group 184;Group 187;Group 192;Group 195;Group 199;Group 202;Group 206
137,User 138,Role 38,Group 1;Group 14;Group 43;Group 86;Group 166;Group 184;Group 195;Group 199;Group 208
138,User 139,Role 25,Group 1;Group 14;Group 28;Group 38;Group 39;Group 43;Group 84;Group 86;Group 88;Group 89;Group 90;Group 118;Group 130;Group 144;Group 151;Group 157;Group 158;Group 181;Group 184;Group 195;Group 199;Group 206;Group 213
139,User 140,Role 55,Group 1;Group 14;Group 38;Group 43;Group 46;Group 54;Group 78;Group 84;Group 86;Group 90;Group 110;Group 111;Group 125;Group 129;Group 152;Group 162;Group 175;Group 181;Group 184;Group 189;Group 195;Group 199;Group 203;Group 205;Group 206;Group 209
140,User 141,Role 52,Group 1;Group 14;Group 43;Group 86;Group 184;Group 195;Group 199;Group 208
141,User 142,Role 39,Group 1;Group 14;Group 43;Group 86;Group 166;Group 184;Group 195;Group 199;Group 208
142,User 143,Role 38,Group 1;Group 14;Group 43;Group 86;Group 166;Group 184;Group 195;Group 199;Group 208
143,User 144,Role 11,Group 1;Group 14;Group 43;Group 86;Group 184;Group 195;Group 199;Group 208
144,User 145,Role 38,Group 1;Group 14;Group 43;Group 86;Group 166;Group 184;Group 195;Group 199;Group 208
145,User 146,Role 36,Group 1;Group 14;Group 43;Group 86;Group 166;Group 184;Group 195;Group 199;Group 208
146,User 147,Role 38,Group 1;Group 14;Group 43;Group 86;Group 166;Group 184;Group 195;Group 199;Group 208
147,User 148,Role 38,Group 1;Group 14;Group 43;Group 86;Group 166;Group 184;Group 195;Group 199;Group 208
148,User 149,Role 65,Group 1;Group 14;Group 34;Group 38;Group 43;Group 86;Group 171;Group 172;Group 175;Group 184;Group 187;Group 195;Group 199;Group 206
149,User 150,Role 37,Group 1;Group 14;Group 43;Group 86;Group 166;Group 184;Group 195;Group 199;Group 208
150,User 151,Role 38,Group 1;Group 14;Group 43;Group 86;Group 166;Group 184;Group 195;Group 199;Group 208
151,User 152,Role 11,Group 1;Group 14;Group 43;Group 86;Group 184;Group 195;Group 199;Group 208
152,User 153,Role 38,Group 1;Group 14;Group 43;Group 86;Group 166;Group 184;Group 195;Group 199;Group 208
153,User 154,Role 59,Group 1;Group 14;Group 43;Group 86;Group 118;Group 128;Group 129;Group 158;Group 166;Group 184;Group 195;Group 199;Group 208
154,User 155,Role 37,Group 1;Group 14;Group 43;Group 86;Group 166;Group 184;Group 195;Group 199;Group 208
155,User 156,Role 24,Group 1;Group 14;Group 43;Group 84;Group 86;Group 118;Group 129;Group 132;Group 151;Group 158;Group 160;Group 161;Group 165;Group 180;Group 181;Group 184;Group 195;Group 199;Group 206
156,User 157,Role 38,Group 1;Group 14;Group 43;Group 86;Group 166;Group 184;Group 195;Group 199;Group 208
157,User 158,Role 38,Group 1;Group 14;Group 43;Group 86;Group 166;Group 184;Group 195;Group 199;Group 208
158,User 159,Role 38,Group 1;Group 14;Group 43;Group 86;Group 166;Group 184;Group 195;Group 199;Group 208
159,User 160,Role 32,Group 1;Group 14;Group 43;Group 86;Group 118;Group 128;Group 129;Group 132;Group 158;Group 161;Group 166;Group 184;Group 195;Group 199;Group 208
160,User 161,Role 38,Group 1;Group 14;Group 43;Group 86;Group 166;Group 184;Group 195;Group 199;Group 208
161,User 162,Role 38,Group 1;Group 14;Group 43;Group 86;Group 166;Group 184;Group 195;Group 199;Group 208
162,User 163,Role 37,Group 1;Group 14;Group 43;Group 86;Group 166;Group 184;Group 195;Group 199;Group 208
163,User 164,Role 38,Group 1;Group 14;Group 43;Group 86;Group 166;Group 184;Group 195;Group 199;Group 208
164,User 165,Role 37,Group 1;Group 14;Group 43;Group 86;Group 166;Group 184;Group 195;Group 199;Group 208
165,User 166,Role 46,Group 1;Group 14;Group 43;Group 86;Group 118;Group 128;Group 129;Group 158;Group 166;Group 184;Group 187;Group 195;Group 199;Group 208;Group 209
166,User 167,Role 36,Group 1;Group 14;Group 43;Group 86;Group 166;Group 184;Group 195;Group 199;Group 208
167,User 168,Role 66,Group 1;Group 14;Group 34;Group 43;Group 60;Group 86;Group 184;Group 187;Group 195;Group 199;Group 206
168,User 169,Role 11,Group 1;Group 14;Group 43;Group 86;Group 184;Group 195;Group 199;Group 208
169,User 170,Role 37,Group 1;Group 14;Group 43;Group 86;Group 166;Group 184;Group 195;Group 199;Group 208
170,User 171,Role 18,Group 1;Group 14;Group 32;Group 38;Group 43;Group 77;Group 84;Group 86;Group 118;Group 129;Group 132;Group 133;Group 134;Group 140;Group 151;Group 152;Group 158;Group 166;Group 179;Group 180;Group 182;Group 184;Group 195;Group 199;Group 206
171,User 172,Role 51,Group 1;Group 14;Group 43;Group 86;Group 121;Group 158;Group 184;Group 195;Group 199;Group 201
172,User 173,Role 39,Group 1;Group 14;Group 43;Group 86;Group 129;Group 158;Group 166;Group 184;Group 195;Group 199;Group 208
173,User 174,Role 38,Group 1;Group 14;Group 43;Group 86;Group 166;Group 184;Group 195;Group 199;Group 208
174,User 175,Role 9,Group 1;Group 14;Group 24;Group 38;Group 43;Group 77;Group 84;Group 86;Group 90;Group 118;Group 133;Group 134;Group 135;Group 145;Group 151;Group 152;Group 158;Group 166;Group 172;Group 173;Group 174;Group 175;Group 184;Group 195;Group 196;Group 199;Group 206
175,User 176,Role 39,Group 1;Group 14;Group 43;Group 86;Group 90;Group 129;Group 158;Group 166;Group 184;Group 195;Group 199;Group 208
176,User 177,Role 16,Group 1;Group 14;Group 22;Group 28;Group 29;Group 30;Group 33;Group 38;Group 43;Group 47;Group 49;Group 77;Group 86;Group 90;Group 98;Group 99;Group 100;Group 101;Group 102;Group 103;Group 104;Group 105;Group 106;Group 107;Group 108;Group 116;Group 117;Group 161;Group 166;Group 170;Group 175;Group 184;Group 187;Group 189;Group 192;Group 195;Group 199;Group 204;Group 206
177,User 178,Role 38,Group 1;Group 14;Group 43;Group 166;Group 199
178,User 179,Role 67,Group 1;Group 14;Group 43;Group 86;Group 90;Group 110;Group 124;Group 129;Group 166;Group 179;Group 184;Group 188;Group 192;Group 195;Group 199;Group 208;Group 209
